56,2017年 12月 16日 土曜日 15:51:55 JST
265,2017年 12月 16日 土曜日 15:56:54 JST
369,2017年 12月 16日 土曜日 16:01:53 JST
522,2017年 12月 16日 土曜日 16:06:53 JST
800,2017年 12月 16日 土曜日 16:11:52 JST
1711,2017年 12月 16日 土曜日 16:16:51 JST
1720,2017年 12月 16日 土曜日 16:21:50 JST
1959,2017年 12月 16日 土曜日 16:26:49 JST
2103,2017年 12月 16日 土曜日 16:31:48 JST
2109,2017年 12月 16日 土曜日 16:36:47 JST
3103,2017年 12月 16日 土曜日 16:41:46 JST
3267,2017年 12月 16日 土曜日 16:46:46 JST
5676,2017年 12月 16日 土曜日 16:51:45 JST
9151,2017年 12月 16日 土曜日 16:56:44 JST
9997,2017年 12月 16日 土曜日 17:01:43 JST
10651,2017年 12月 16日 土曜日 17:06:42 JST
11647,2017年 12月 16日 土曜日 17:11:41 JST
14983,2017年 12月 16日 土曜日 17:16:41 JST
19892,2017年 12月 16日 土曜日 17:21:41 JST
22738,2017年 12月 16日 土曜日 17:26:41 JST
24534,2017年 12月 16日 土曜日 17:31:42 JST
26766,2017年 12月 16日 土曜日 17:36:42 JST
28761,2017年 12月 16日 土曜日 17:41:42 JST
30384,2017年 12月 16日 土曜日 17:46:42 JST
32653,2017年 12月 16日 土曜日 17:51:41 JST
34302,2017年 12月 16日 土曜日 17:56:41 JST
35163,2017年 12月 16日 土曜日 18:01:41 JST
35354,2017年 12月 16日 土曜日 18:06:41 JST
36546,2017年 12月 16日 土曜日 18:11:42 JST
36695,2017年 12月 16日 土曜日 18:16:42 JST
36713,2017年 12月 16日 土曜日 18:21:42 JST
36854,2017年 12月 16日 土曜日 18:26:42 JST
36854,2017年 12月 16日 土曜日 18:31:42 JST
36853,2017年 12月 16日 土曜日 18:36:42 JST
36854,2017年 12月 16日 土曜日 18:41:42 JST
36854,2017年 12月 16日 土曜日 18:46:42 JST
38003,2017年 12月 16日 土曜日 18:51:42 JST
40227,2017年 12月 16日 土曜日 18:56:42 JST
41945,2017年 12月 16日 土曜日 19:01:42 JST
42122,2017年 12月 16日 土曜日 19:06:42 JST
42327,2017年 12月 16日 土曜日 19:11:42 JST
42524,2017年 12月 16日 土曜日 19:16:42 JST
42525,2017年 12月 16日 土曜日 19:21:42 JST
42525,2017年 12月 16日 土曜日 19:26:43 JST
42525,2017年 12月 16日 土曜日 19:31:43 JST
42525,2017年 12月 16日 土曜日 19:36:43 JST
42525,2017年 12月 16日 土曜日 19:41:43 JST
42524,2017年 12月 16日 土曜日 19:46:43 JST
42525,2017年 12月 16日 土曜日 19:51:43 JST
42525,2017年 12月 16日 土曜日 19:56:43 JST
42525,2017年 12月 16日 土曜日 20:01:43 JST
42524,2017年 12月 16日 土曜日 20:06:43 JST
42525,2017年 12月 16日 土曜日 20:11:43 JST
42524,2017年 12月 16日 土曜日 20:16:43 JST
42525,2017年 12月 16日 土曜日 20:21:44 JST
42524,2017年 12月 16日 土曜日 20:26:44 JST
42524,2017年 12月 16日 土曜日 20:31:44 JST
42525,2017年 12月 16日 土曜日 20:36:44 JST
42524,2017年 12月 16日 土曜日 20:41:44 JST
42525,2017年 12月 16日 土曜日 20:46:45 JST
42571,2017年 12月 16日 土曜日 20:51:45 JST
42755,2017年 12月 16日 土曜日 20:56:45 JST
43225,2017年 12月 16日 土曜日 21:01:45 JST
43271,2017年 12月 16日 土曜日 21:06:45 JST
43292,2017年 12月 16日 土曜日 21:11:45 JST
43292,2017年 12月 16日 土曜日 21:16:45 JST
43295,2017年 12月 16日 土曜日 21:21:45 JST
43295,2017年 12月 16日 土曜日 21:26:45 JST
43296,2017年 12月 16日 土曜日 21:31:46 JST
43296,2017年 12月 16日 土曜日 21:36:46 JST
43295,2017年 12月 16日 土曜日 21:41:46 JST
43296,2017年 12月 16日 土曜日 21:46:46 JST
43296,2017年 12月 16日 土曜日 21:51:46 JST
43296,2017年 12月 16日 土曜日 21:56:46 JST
43296,2017年 12月 16日 土曜日 22:01:46 JST
43296,2017年 12月 16日 土曜日 22:06:47 JST
43345,2017年 12月 16日 土曜日 22:11:47 JST
43346,2017年 12月 16日 土曜日 22:16:47 JST
43345,2017年 12月 16日 土曜日 22:21:47 JST
43359,2017年 12月 16日 土曜日 22:26:47 JST
43359,2017年 12月 16日 土曜日 22:31:47 JST
43359,2017年 12月 16日 土曜日 22:36:48 JST
43359,2017年 12月 16日 土曜日 22:41:48 JST
43358,2017年 12月 16日 土曜日 22:46:48 JST
43385,2017年 12月 16日 土曜日 22:51:48 JST
43385,2017年 12月 16日 土曜日 22:56:48 JST
43385,2017年 12月 16日 土曜日 23:01:48 JST
43386,2017年 12月 16日 土曜日 23:06:48 JST
43385,2017年 12月 16日 土曜日 23:11:48 JST
43386,2017年 12月 16日 土曜日 23:16:48 JST
43386,2017年 12月 16日 土曜日 23:21:49 JST
