recv_start,10.58.58.2,20171216155209
recv_end,10.58.58.2,20171216155209
sql_end,10.58.58.2,20171216155209
recv_start,10.58.58.3,20171216155305
recv_end,10.58.58.3,20171216155305
sql_end,10.58.58.3,20171216155306
recv_start,10.58.58.4,20171216155401
recv_end,10.58.58.4,20171216155401
sql_end,10.58.58.4,20171216155402
recv_start,10.58.58.5,20171216155457
recv_end,10.58.58.5,20171216155457
sql_end,10.58.58.5,20171216155458
recv_start,10.58.58.6,20171216155553
recv_end,10.58.58.6,20171216155553
sql_end,10.58.58.6,20171216155556
recv_start,10.58.58.9,20171216155841
recv_end,10.58.58.9,20171216155841
sql_end,10.58.58.9,20171216155841
recv_start,10.58.58.10,20171216155937
recv_end,10.58.58.10,20171216155937
sql_end,10.58.58.10,20171216155940
recv_start,10.58.58.18,20171216160321
recv_end,10.58.58.18,20171216160321
sql_end,10.58.58.18,20171216160325
recv_start,10.58.58.23,20171216160705
recv_end,10.58.58.23,20171216160705
sql_end,10.58.58.23,20171216160707
recv_start,10.58.58.24,20171216160801
recv_end,10.58.58.24,20171216160801
sql_end,10.58.58.24,20171216160801
recv_start,10.58.58.25,20171216160857
recv_end,10.58.58.25,20171216160857
sql_end,10.58.58.25,20171216160857
recv_start,10.58.58.26,20171216160953
recv_end,10.58.58.26,20171216160953
sql_end,10.58.58.26,20171216160956
recv_start,10.58.58.27,20171216161049
recv_end,10.58.58.27,20171216161049
sql_end,10.58.58.27,20171216161049
recv_start,10.58.58.28,20171216161145
recv_end,10.58.58.28,20171216161145
sql_end,10.58.58.28,20171216161148
recv_start,10.58.58.29,20171216161241
recv_end,10.58.58.29,20171216161241
sql_end,10.58.58.29,20171216161242
recv_start,10.58.58.98,20171216161337
recv_end,10.58.58.98,20171216161337
sql_end,10.58.58.98,20171216161400
recv_start,10.58.58.101,20171216161625
recv_end,10.58.58.101,20171216161625
sql_end,10.58.58.101,20171216161625
recv_start,10.58.58.102,20171216161721
recv_end,10.58.58.102,20171216161721
sql_end,10.58.58.102,20171216161721
recv_start,10.58.58.104,20171216161913
recv_end,10.58.58.104,20171216161913
sql_end,10.58.58.104,20171216161913
recv_start,10.58.58.106,20171216162105
recv_end,10.58.58.106,20171216162105
sql_end,10.58.58.106,20171216162105
recv_start,10.58.58.107,20171216162201
recv_end,10.58.58.107,20171216162201
sql_end,10.58.58.107,20171216162207
recv_start,10.58.58.34,20171216162449
recv_end,10.58.58.34,20171216162449
sql_end,10.58.58.34,20171216162449
recv_start,10.58.58.35,20171216162545
recv_end,10.58.58.35,20171216162545
sql_end,10.58.58.35,20171216162545
recv_start,10.58.58.37,20171216162737
recv_end,10.58.58.37,20171216162737
sql_end,10.58.58.37,20171216162740
recv_start,10.58.58.39,20171216162929
recv_end,10.58.58.39,20171216162929
sql_end,10.58.58.39,20171216162929
recv_start,10.58.58.41,20171216163121
recv_end,10.58.58.41,20171216163121
sql_end,10.58.58.41,20171216163122
recv_start,10.58.58.43,20171216163313
recv_end,10.58.58.43,20171216163313
sql_end,10.58.58.43,20171216163313
recv_start,10.58.58.82,20171216163601
recv_end,10.58.58.82,20171216163601
sql_end,10.58.58.82,20171216163602
recv_start,10.58.58.84,20171216163753
recv_end,10.58.58.84,20171216163753
sql_end,10.58.58.84,20171216163754
recv_start,10.58.58.85,20171216163849
recv_end,10.58.58.85,20171216163849
sql_end,10.58.58.85,20171216163908
recv_start,10.58.58.86,20171216163945
recv_end,10.58.58.86,20171216163945
sql_end,10.58.58.86,20171216163948
recv_start,10.58.58.88,20171216164137
recv_end,10.58.58.88,20171216164137
sql_end,10.58.58.88,20171216164141
recv_start,10.58.58.91,20171216164425
recv_end,10.58.58.91,20171216164425
sql_end,10.58.58.91,20171216164429
recv_start,10.58.58.92,20171216164521
recv_end,10.58.58.92,20171216164521
sql_end,10.58.58.92,20171216164521
recv_start,10.58.58.115,20171216164809
recv_end,10.58.58.115,20171216164809
sql_end,10.58.58.115,20171216164855
recv_start,10.58.58.116,20171216164905
recv_end,10.58.58.116,20171216164905
sql_end,10.58.58.116,20171216164911
recv_start,10.58.58.117,20171216165001
recv_end,10.58.58.117,20171216165001
sql_end,10.58.58.117,20171216165021
recv_start,10.58.58.118,20171216165057
recv_end,10.58.58.118,20171216165057
sql_end,10.58.58.118,20171216165101
recv_start,10.58.58.2,20171216165209
recv_end,10.58.58.2,20171216165209
sql_end,10.58.58.2,20171216165212
recv_start,10.58.58.3,20171216165305
recv_end,10.58.58.3,20171216165305
sql_end,10.58.58.3,20171216165400
recv_start,10.58.58.4,20171216165401
recv_end,10.58.58.4,20171216165401
sql_end,10.58.58.4,20171216165420
recv_start,10.58.58.5,20171216165457
recv_end,10.58.58.5,20171216165457
sql_end,10.58.58.5,20171216165517
recv_start,10.58.58.6,20171216165553
recv_end,10.58.58.6,20171216165553
sql_end,10.58.58.6,20171216165638
recv_start,10.58.58.9,20171216165841
recv_end,10.58.58.9,20171216165841
sql_end,10.58.58.9,20171216165842
recv_start,10.58.58.10,20171216165937
recv_end,10.58.58.10,20171216165937
sql_end,10.58.58.10,20171216170014
recv_start,10.58.58.18,20171216170321
recv_end,10.58.58.18,20171216170321
sql_end,10.58.58.18,20171216170353
recv_start,10.58.58.23,20171216170705
recv_end,10.58.58.23,20171216170705
sql_end,10.58.58.23,20171216170719
recv_start,10.58.58.24,20171216170801
recv_end,10.58.58.24,20171216170801
sql_end,10.58.58.24,20171216170802
recv_start,10.58.58.25,20171216170857
recv_end,10.58.58.25,20171216170857
sql_end,10.58.58.25,20171216170858
recv_start,10.58.58.26,20171216170953
recv_end,10.58.58.26,20171216170953
sql_end,10.58.58.26,20171216171023
recv_start,10.58.58.27,20171216171049
recv_end,10.58.58.27,20171216171049
sql_end,10.58.58.27,20171216171051
recv_start,10.58.58.28,20171216171145
recv_end,10.58.58.28,20171216171145
sql_end,10.58.58.28,20171216171214
recv_start,10.58.58.29,20171216171241
recv_end,10.58.58.29,20171216171241
sql_end,10.58.58.29,20171216171253
recv_start,10.58.58.98,20171216171337
recv_end,10.58.58.98,20171216171337
recv_start,10.58.58.101,20171216171625
recv_end,10.58.58.101,20171216171625
recv_start,10.58.58.102,20171216171721
recv_end,10.58.58.102,20171216171721
recv_start,10.58.58.104,20171216171913
recv_end,10.58.58.104,20171216171913
recv_start,10.58.58.106,20171216172105
recv_end,10.58.58.106,20171216172105
recv_start,10.58.58.107,20171216172201
recv_end,10.58.58.107,20171216172201
recv_start,10.58.58.34,20171216172449
recv_end,10.58.58.34,20171216172449
recv_start,10.58.58.35,20171216172545
recv_end,10.58.58.35,20171216172545
recv_start,10.58.58.37,20171216172737
recv_end,10.58.58.37,20171216172737
recv_start,10.58.58.39,20171216172929
recv_end,10.58.58.39,20171216172929
recv_start,10.58.58.41,20171216173121
recv_end,10.58.58.41,20171216173121
recv_start,10.58.58.43,20171216173313
recv_end,10.58.58.43,20171216173313
sql_end,10.58.58.101,20171216173542
sql_end,10.58.58.98,20171216173544
sql_end,10.58.58.102,20171216173545
sql_end,10.58.58.104,20171216173550
recv_start,10.58.58.82,20171216173601
recv_end,10.58.58.82,20171216173601
sql_end,10.58.58.34,20171216173646
sql_end,10.58.58.107,20171216173647
sql_end,10.58.58.106,20171216173651
sql_end,10.58.58.39,20171216173655
sql_end,10.58.58.43,20171216173656
sql_end,10.58.58.35,20171216173658
sql_end,10.58.58.82,20171216173741
sql_end,10.58.58.37,20171216173742
sql_end,10.58.58.41,20171216173750
recv_start,10.58.58.84,20171216173753
recv_end,10.58.58.84,20171216173753
sql_end,10.58.58.84,20171216173759
recv_start,10.58.58.85,20171216173849
recv_end,10.58.58.85,20171216173849
recv_start,10.58.58.86,20171216173945
recv_end,10.58.58.86,20171216173945
recv_start,10.58.58.88,20171216174137
recv_end,10.58.58.88,20171216174137
sql_end,10.58.58.85,20171216174206
sql_end,10.58.58.86,20171216174207
sql_end,10.58.58.88,20171216174324
recv_start,10.58.58.91,20171216174425
recv_end,10.58.58.91,20171216174425
recv_start,10.58.58.92,20171216174521
recv_end,10.58.58.92,20171216174521
sql_end,10.58.58.92,20171216174533
sql_end,10.58.58.91,20171216174534
recv_start,10.58.58.115,20171216174809
recv_end,10.58.58.115,20171216174809
recv_start,10.58.58.116,20171216174905
recv_end,10.58.58.116,20171216174905
recv_start,10.58.58.117,20171216175001
recv_end,10.58.58.117,20171216175001
recv_start,10.58.58.118,20171216175057
recv_end,10.58.58.118,20171216175057
recv_start,10.58.58.2,20171216175209
recv_end,10.58.58.2,20171216175209
recv_start,10.58.58.3,20171216175305
recv_end,10.58.58.3,20171216175305
recv_start,10.58.58.4,20171216175401
recv_end,10.58.58.4,20171216175401
recv_start,10.58.58.5,20171216175457
recv_end,10.58.58.5,20171216175457
sql_end,10.58.58.116,20171216175550
sql_end,10.58.58.115,20171216175552
recv_start,10.58.58.6,20171216175553
recv_end,10.58.58.6,20171216175553
recv_start,10.58.58.9,20171216175841
recv_end,10.58.58.9,20171216175841
sql_end,10.58.58.117,20171216175909
sql_end,10.58.58.118,20171216175910
recv_start,10.58.58.10,20171216175937
recv_end,10.58.58.10,20171216175937
recv_start,10.58.58.18,20171216180321
recv_end,10.58.58.18,20171216180321
recv_start,10.58.58.23,20171216180705
recv_end,10.58.58.23,20171216180705
recv_start,10.58.58.24,20171216180801
recv_end,10.58.58.24,20171216180801
recv_start,10.58.58.25,20171216180857
recv_end,10.58.58.25,20171216180857
recv_start,10.58.58.26,20171216180953
recv_end,10.58.58.26,20171216180953
recv_start,10.58.58.27,20171216181049
recv_end,10.58.58.27,20171216181049
recv_start,10.58.58.28,20171216181145
recv_end,10.58.58.28,20171216181145
sql_end,10.58.58.3,20171216181201
sql_end,10.58.58.4,20171216181202
sql_end,10.58.58.5,20171216181204
sql_end,10.58.58.2,20171216181205
sql_end,10.58.58.9,20171216181208
recv_start,10.58.58.29,20171216181241
recv_end,10.58.58.29,20171216181241
recv_start,10.58.58.98,20171216181337
recv_end,10.58.58.98,20171216181338
sql_end,10.58.58.10,20171216181446
recv_start,10.58.58.101,20171216181625
recv_end,10.58.58.101,20171216181625
sql_end,10.58.58.18,20171216181651
sql_end,10.58.58.24,20171216181652
recv_start,10.58.58.102,20171216181721
recv_end,10.58.58.102,20171216181721
sql_end,10.58.58.27,20171216181907
sql_end,10.58.58.26,20171216181909
sql_end,10.58.58.25,20171216181912
recv_start,10.58.58.104,20171216181913
recv_end,10.58.58.104,20171216181913
recv_start,10.58.58.106,20171216182105
recv_end,10.58.58.106,20171216182105
sql_end,10.58.58.23,20171216182137
sql_end,10.58.58.28,20171216182139
recv_start,10.58.58.107,20171216182201
recv_end,10.58.58.107,20171216182201
sql_end,10.58.58.101,20171216182218
sql_end,10.58.58.29,20171216182219
sql_end,10.58.58.102,20171216182221
recv_start,10.58.58.34,20171216182449
recv_end,10.58.58.34,20171216182449
sql_end,10.58.58.6,20171216182521
recv_start,10.58.58.35,20171216182545
recv_end,10.58.58.35,20171216182545
recv_start,10.58.58.37,20171216182737
recv_end,10.58.58.37,20171216182737
recv_start,10.58.58.39,20171216182929
recv_end,10.58.58.39,20171216182929
recv_start,10.58.58.41,20171216183121
recv_end,10.58.58.41,20171216183121
recv_start,10.58.58.43,20171216183313
recv_end,10.58.58.43,20171216183313
recv_start,10.58.58.82,20171216183601
recv_end,10.58.58.82,20171216183601
recv_start,10.58.58.84,20171216183753
recv_end,10.58.58.84,20171216183753
recv_start,10.58.58.85,20171216183849
recv_end,10.58.58.85,20171216183849
recv_start,10.58.58.86,20171216183945
recv_end,10.58.58.86,20171216183945
recv_start,10.58.58.88,20171216184137
recv_end,10.58.58.88,20171216184137
recv_start,10.58.58.91,20171216184425
recv_end,10.58.58.91,20171216184425
recv_start,10.58.58.92,20171216184521
recv_end,10.58.58.92,20171216184521
recv_start,10.58.58.115,20171216184809
recv_end,10.58.58.115,20171216184809
recv_start,10.58.58.116,20171216184905
recv_end,10.58.58.116,20171216184905
recv_start,10.58.58.117,20171216185001
recv_end,10.58.58.117,20171216185001
recv_start,10.58.58.118,20171216185057
recv_end,10.58.58.118,20171216185057
recv_start,10.58.58.2,20171216185209
recv_end,10.58.58.2,20171216185209
recv_start,10.58.58.3,20171216185305
recv_end,10.58.58.3,20171216185305
recv_start,10.58.58.4,20171216185401
recv_end,10.58.58.4,20171216185401
recv_start,10.58.58.5,20171216185457
recv_end,10.58.58.5,20171216185457
recv_start,10.58.58.6,20171216185553
recv_end,10.58.58.6,20171216185553
recv_start,10.58.58.9,20171216185841
recv_end,10.58.58.9,20171216185841
recv_start,10.58.58.10,20171216185937
recv_end,10.58.58.10,20171216185937
recv_start,10.58.58.18,20171216190321
recv_end,10.58.58.18,20171216190321
recv_start,10.58.58.23,20171216190705
recv_end,10.58.58.23,20171216190705
recv_start,10.58.58.24,20171216190801
recv_end,10.58.58.24,20171216190801
recv_start,10.58.58.25,20171216190857
recv_end,10.58.58.25,20171216190857
recv_start,10.58.58.26,20171216190953
recv_end,10.58.58.26,20171216190953
recv_start,10.58.58.27,20171216191049
recv_end,10.58.58.27,20171216191049
recv_start,10.58.58.28,20171216191145
recv_end,10.58.58.28,20171216191145
recv_start,10.58.58.29,20171216191241
recv_end,10.58.58.29,20171216191241
sql_end,10.58.58.104,20171216191248
sql_end,10.58.58.98,20171216191250
recv_start,10.58.58.98,20171216191337
recv_end,10.58.58.98,20171216191338
sql_end,10.58.58.107,20171216191458
sql_end,10.58.58.34,20171216191500
sql_end,10.58.58.43,20171216191502
sql_end,10.58.58.39,20171216191507
sql_end,10.58.58.41,20171216191520
recv_start,10.58.58.101,20171216191625
recv_end,10.58.58.101,20171216191625
sql_end,10.58.58.37,20171216191652
recv_start,10.58.58.102,20171216191721
recv_end,10.58.58.102,20171216191721
recv_start,10.58.58.104,20171216191913
recv_end,10.58.58.104,20171216191913
recv_start,10.58.58.106,20171216192105
recv_end,10.58.58.106,20171216192105
sql_end,10.58.58.85,20171216192129
sql_end,10.58.58.106,20171216192135
recv_start,10.58.58.107,20171216192201
recv_end,10.58.58.107,20171216192201
sql_end,10.58.58.91,20171216192434
recv_start,10.58.58.34,20171216192449
recv_end,10.58.58.34,20171216192449
recv_start,10.58.58.35,20171216192545
recv_end,10.58.58.35,20171216192545
recv_start,10.58.58.37,20171216192737
recv_end,10.58.58.37,20171216192737
recv_start,10.58.58.39,20171216192929
recv_end,10.58.58.39,20171216192929
sql_end,10.58.58.5,20171216193025
sql_end,10.58.58.117,20171216193027
recv_start,10.58.58.41,20171216193121
recv_end,10.58.58.41,20171216193121
recv_start,10.58.58.43,20171216193313
recv_end,10.58.58.43,20171216193313
sql_end,10.58.58.10,20171216193505
sql_end,10.58.58.86,20171216193506
recv_start,10.58.58.82,20171216193601
recv_end,10.58.58.82,20171216193601
sql_end,10.58.58.18,20171216193718
recv_start,10.58.58.84,20171216193753
recv_end,10.58.58.84,20171216193753
recv_start,10.58.58.85,20171216193849
recv_end,10.58.58.85,20171216193849
recv_start,10.58.58.86,20171216193945
recv_end,10.58.58.86,20171216193945
sql_end,10.58.58.6,20171216194041
sql_end,10.58.58.2,20171216194056
sql_end,10.58.58.27,20171216194100
recv_start,10.58.58.88,20171216194137
recv_end,10.58.58.88,20171216194137
sql_end,10.58.58.23,20171216194157
recv_start,10.58.58.91,20171216194425
recv_end,10.58.58.91,20171216194425
recv_start,10.58.58.92,20171216194521
recv_end,10.58.58.92,20171216194521
recv_start,10.58.58.115,20171216194809
recv_end,10.58.58.115,20171216194809
recv_start,10.58.58.116,20171216194905
recv_end,10.58.58.116,20171216194905
recv_start,10.58.58.117,20171216195001
recv_end,10.58.58.117,20171216195001
recv_start,10.58.58.118,20171216195057
recv_end,10.58.58.118,20171216195057
recv_start,10.58.58.2,20171216195209
recv_end,10.58.58.2,20171216195209
recv_start,10.58.58.3,20171216195305
recv_end,10.58.58.3,20171216195305
recv_start,10.58.58.4,20171216195401
recv_end,10.58.58.4,20171216195401
recv_start,10.58.58.5,20171216195457
recv_end,10.58.58.5,20171216195457
sql_end,10.58.58.115,20171216195515
sql_end,10.58.58.82,20171216195521
recv_start,10.58.58.6,20171216195553
recv_end,10.58.58.6,20171216195553
sql_end,10.58.58.4,20171216195811
sql_end,10.58.58.84,20171216195822
sql_end,10.58.58.102,20171216195829
sql_end,10.58.58.106,20171216195831
sql_end,10.58.58.101,20171216195832
recv_start,10.58.58.9,20171216195841
recv_end,10.58.58.9,20171216195841
recv_start,10.58.58.10,20171216195937
recv_end,10.58.58.10,20171216195937
sql_end,10.58.58.118,20171216195954
sql_end,10.58.58.9,20171216195955
sql_end,10.58.58.35,20171216195957
sql_end,10.58.58.26,20171216200204
recv_start,10.58.58.18,20171216200321
recv_end,10.58.58.18,20171216200321
sql_end,10.58.58.28,20171216200414
sql_end,10.58.58.37,20171216200545
recv_start,10.58.58.23,20171216200705
recv_end,10.58.58.23,20171216200705
recv_start,10.58.58.24,20171216200801
recv_end,10.58.58.24,20171216200801
recv_start,10.58.58.25,20171216200857
recv_end,10.58.58.25,20171216200857
recv_start,10.58.58.26,20171216200953
recv_end,10.58.58.26,20171216200953
sql_end,10.58.58.85,20171216201028
recv_start,10.58.58.27,20171216201049
recv_end,10.58.58.27,20171216201049
recv_start,10.58.58.28,20171216201145
recv_end,10.58.58.28,20171216201145
recv_start,10.58.58.29,20171216201241
recv_end,10.58.58.29,20171216201241
recv_start,10.58.58.98,20171216201337
recv_end,10.58.58.98,20171216201338
recv_start,10.58.58.101,20171216201625
recv_end,10.58.58.101,20171216201625
recv_start,10.58.58.102,20171216201721
recv_end,10.58.58.102,20171216201721
recv_start,10.58.58.104,20171216201913
recv_end,10.58.58.104,20171216201913
recv_start,10.58.58.106,20171216202105
recv_end,10.58.58.106,20171216202105
recv_start,10.58.58.107,20171216202201
recv_end,10.58.58.107,20171216202201
recv_start,10.58.58.34,20171216202449
recv_end,10.58.58.34,20171216202449
recv_start,10.58.58.35,20171216202545
recv_end,10.58.58.35,20171216202545
recv_start,10.58.58.37,20171216202737
recv_end,10.58.58.37,20171216202737
recv_start,10.58.58.39,20171216202929
recv_end,10.58.58.39,20171216202929
recv_start,10.58.58.41,20171216203121
recv_end,10.58.58.41,20171216203121
recv_start,10.58.58.43,20171216203313
recv_end,10.58.58.43,20171216203313
recv_start,10.58.58.82,20171216203601
recv_end,10.58.58.82,20171216203601
recv_start,10.58.58.84,20171216203753
recv_end,10.58.58.84,20171216203753
recv_start,10.58.58.85,20171216203849
recv_end,10.58.58.85,20171216203849
recv_start,10.58.58.86,20171216203945
recv_end,10.58.58.86,20171216203945
recv_start,10.58.58.88,20171216204137
recv_end,10.58.58.88,20171216204137
recv_start,10.58.58.91,20171216204425
recv_end,10.58.58.91,20171216204425
recv_start,10.58.58.92,20171216204521
recv_end,10.58.58.92,20171216204521
recv_start,10.58.58.115,20171216204809
recv_end,10.58.58.115,20171216204809
recv_start,10.58.58.116,20171216204905
recv_end,10.58.58.116,20171216204905
recv_start,10.58.58.117,20171216205001
recv_end,10.58.58.117,20171216205001
recv_start,10.58.58.118,20171216205057
recv_end,10.58.58.118,20171216205057
recv_start,10.58.58.2,20171216205209
recv_end,10.58.58.2,20171216205209
recv_start,10.58.58.3,20171216205305
recv_end,10.58.58.3,20171216205305
recv_start,10.58.58.4,20171216205401
recv_end,10.58.58.4,20171216205401
recv_start,10.58.58.5,20171216205457
recv_end,10.58.58.5,20171216205457
recv_start,10.58.58.6,20171216205553
recv_end,10.58.58.6,20171216205553
recv_start,10.58.58.9,20171216205841
recv_end,10.58.58.9,20171216205841
recv_start,10.58.58.10,20171216205937
recv_end,10.58.58.10,20171216205937
recv_start,10.58.58.18,20171216210321
recv_end,10.58.58.18,20171216210321
recv_start,10.58.58.23,20171216210705
recv_end,10.58.58.23,20171216210705
recv_start,10.58.58.24,20171216210801
recv_end,10.58.58.24,20171216210801
recv_start,10.58.58.25,20171216210857
recv_end,10.58.58.25,20171216210857
sql_end,10.58.58.86,20171216210906
sql_end,10.58.58.98,20171216210907
sql_end,10.58.58.84,20171216210919
sql_end,10.58.58.24,20171216210921
sql_end,10.58.58.92,20171216210924
recv_start,10.58.58.26,20171216210953
recv_end,10.58.58.26,20171216210953
recv_start,10.58.58.27,20171216211049
recv_end,10.58.58.27,20171216211049
recv_start,10.58.58.28,20171216211145
recv_end,10.58.58.28,20171216211145
recv_start,10.58.58.29,20171216211241
recv_end,10.58.58.29,20171216211241
recv_start,10.58.58.98,20171216211337
recv_end,10.58.58.98,20171216211338
sql_end,10.58.58.118,20171216211508
sql_end,10.58.58.117,20171216211509
sql_end,10.58.58.25,20171216211514
recv_start,10.58.58.101,20171216211625
recv_end,10.58.58.101,20171216211625
sql_end,10.58.58.5,20171216211701
recv_start,10.58.58.102,20171216211721
recv_end,10.58.58.102,20171216211721
sql_end,10.58.58.88,20171216211906
sql_end,10.58.58.35,20171216211908
recv_start,10.58.58.104,20171216211913
recv_end,10.58.58.104,20171216211913
recv_start,10.58.58.106,20171216212105
recv_end,10.58.58.106,20171216212105
recv_start,10.58.58.107,20171216212201
recv_end,10.58.58.107,20171216212201
sql_end,10.58.58.10,20171216212425
sql_end,10.58.58.107,20171216212426
sql_end,10.58.58.82,20171216212434
sql_end,10.58.58.92,20171216212439
recv_start,10.58.58.34,20171216212449
recv_end,10.58.58.34,20171216212449
sql_end,10.58.58.23,20171216212543
sql_end,10.58.58.24,20171216212545
recv_start,10.58.58.35,20171216212545
recv_end,10.58.58.35,20171216212545
sql_end,10.58.58.104,20171216212601
recv_start,10.58.58.37,20171216212737
recv_end,10.58.58.37,20171216212737
sql_end,10.58.58.29,20171216212847
sql_end,10.58.58.26,20171216212849
recv_start,10.58.58.39,20171216212929
recv_end,10.58.58.39,20171216212929
recv_start,10.58.58.41,20171216213121
recv_end,10.58.58.41,20171216213121
sql_end,10.58.58.4,20171216213152
recv_start,10.58.58.43,20171216213313
recv_end,10.58.58.43,20171216213313
recv_start,10.58.58.82,20171216213601
recv_end,10.58.58.82,20171216213601
recv_start,10.58.58.84,20171216213753
recv_end,10.58.58.84,20171216213753
recv_start,10.58.58.85,20171216213849
recv_end,10.58.58.85,20171216213849
recv_start,10.58.58.86,20171216213945
recv_end,10.58.58.86,20171216213945
recv_start,10.58.58.88,20171216214137
recv_end,10.58.58.88,20171216214137
recv_start,10.58.58.91,20171216214425
recv_end,10.58.58.91,20171216214425
recv_start,10.58.58.92,20171216214521
recv_end,10.58.58.92,20171216214521
recv_start,10.58.58.115,20171216214809
recv_end,10.58.58.115,20171216214809
recv_start,10.58.58.116,20171216214905
recv_end,10.58.58.116,20171216214905
recv_start,10.58.58.117,20171216215001
recv_end,10.58.58.117,20171216215001
recv_start,10.58.58.118,20171216215057
recv_end,10.58.58.118,20171216215057
recv_start,10.58.58.2,20171216215209
recv_end,10.58.58.2,20171216215209
recv_start,10.58.58.3,20171216215305
recv_end,10.58.58.3,20171216215305
recv_start,10.58.58.4,20171216215401
recv_end,10.58.58.4,20171216215401
recv_start,10.58.58.5,20171216215457
recv_end,10.58.58.5,20171216215457
recv_start,10.58.58.6,20171216215553
recv_end,10.58.58.6,20171216215553
recv_start,10.58.58.9,20171216215841
recv_end,10.58.58.9,20171216215841
recv_start,10.58.58.10,20171216215937
recv_end,10.58.58.10,20171216215937
recv_start,10.58.58.18,20171216220321
recv_end,10.58.58.18,20171216220321
recv_start,10.58.58.23,20171216220705
recv_end,10.58.58.23,20171216220705
recv_start,10.58.58.24,20171216220801
recv_end,10.58.58.24,20171216220801
recv_start,10.58.58.25,20171216220857
recv_end,10.58.58.25,20171216220857
recv_start,10.58.58.26,20171216220953
recv_end,10.58.58.26,20171216220953
recv_start,10.58.58.27,20171216221049
recv_end,10.58.58.27,20171216221049
recv_start,10.58.58.28,20171216221145
recv_end,10.58.58.28,20171216221145
recv_start,10.58.58.29,20171216221241
recv_end,10.58.58.29,20171216221241
recv_start,10.58.58.98,20171216221337
recv_end,10.58.58.98,20171216221338
recv_start,10.58.58.101,20171216221625
recv_end,10.58.58.101,20171216221625
recv_start,10.58.58.102,20171216221721
recv_end,10.58.58.102,20171216221721
recv_start,10.58.58.104,20171216221913
recv_end,10.58.58.104,20171216221913
recv_start,10.58.58.106,20171216222105
recv_end,10.58.58.106,20171216222105
recv_start,10.58.58.107,20171216222201
recv_end,10.58.58.107,20171216222201
recv_start,10.58.58.34,20171216222449
recv_end,10.58.58.34,20171216222449
recv_start,10.58.58.35,20171216222545
recv_end,10.58.58.35,20171216222545
recv_start,10.58.58.37,20171216222737
recv_end,10.58.58.37,20171216222737
recv_start,10.58.58.39,20171216222929
recv_end,10.58.58.39,20171216222929
recv_start,10.58.58.41,20171216223121
recv_end,10.58.58.41,20171216223121
recv_start,10.58.58.43,20171216223313
recv_end,10.58.58.43,20171216223313
sql_end,10.58.58.29,20171216223427
sql_end,10.58.58.28,20171216223429
sql_end,10.58.58.98,20171216223430
sql_end,10.58.58.102,20171216223432
sql_end,10.58.58.101,20171216223434
sql_end,10.58.58.84,20171216223444
sql_end,10.58.58.43,20171216223445
recv_start,10.58.58.82,20171216223601
recv_end,10.58.58.82,20171216223601
recv_start,10.58.58.84,20171216223753
recv_end,10.58.58.84,20171216223753
recv_start,10.58.58.85,20171216223849
recv_end,10.58.58.85,20171216223849
recv_start,10.58.58.86,20171216223945
recv_end,10.58.58.86,20171216223945
recv_start,10.58.58.88,20171216224137
recv_end,10.58.58.88,20171216224137
sql_end,10.58.58.117,20171216224141
sql_end,10.58.58.91,20171216224142
sql_end,10.58.58.116,20171216224254
sql_end,10.58.58.2,20171216224308
recv_start,10.58.58.91,20171216224425
recv_end,10.58.58.91,20171216224425
recv_start,10.58.58.92,20171216224521
recv_end,10.58.58.92,20171216224521
recv_start,10.58.58.115,20171216224809
recv_end,10.58.58.115,20171216224809
recv_start,10.58.58.116,20171216224905
recv_end,10.58.58.116,20171216224905
sql_end,10.58.58.3,20171216224936
recv_start,10.58.58.117,20171216225001
recv_end,10.58.58.117,20171216225001
recv_start,10.58.58.118,20171216225057
recv_end,10.58.58.118,20171216225057
recv_start,10.58.58.2,20171216225209
recv_end,10.58.58.2,20171216225209
sql_end,10.58.58.4,20171216225230
recv_start,10.58.58.3,20171216225305
recv_end,10.58.58.3,20171216225305
recv_start,10.58.58.4,20171216225401
recv_end,10.58.58.4,20171216225401
recv_start,10.58.58.5,20171216225457
recv_end,10.58.58.5,20171216225457
sql_end,10.58.58.10,20171216225520
recv_start,10.58.58.6,20171216225553
recv_end,10.58.58.6,20171216225553
sql_end,10.58.58.5,20171216225718
sql_end,10.58.58.116,20171216225841
recv_start,10.58.58.9,20171216225841
recv_end,10.58.58.9,20171216225841
sql_end,10.58.58.9,20171216225844
recv_start,10.58.58.10,20171216225937
recv_end,10.58.58.10,20171216225937
sql_end,10.58.58.28,20171216230053
sql_end,10.58.58.26,20171216230311
recv_start,10.58.58.18,20171216230321
recv_end,10.58.58.18,20171216230321
sql_end,10.58.58.29,20171216230401
sql_end,10.58.58.118,20171216230516
sql_end,10.58.58.116,20171216230630
sql_end,10.58.58.106,20171216230636
sql_end,10.58.58.104,20171216230651
recv_start,10.58.58.23,20171216230705
recv_end,10.58.58.23,20171216230705
recv_start,10.58.58.24,20171216230801
recv_end,10.58.58.24,20171216230801
recv_start,10.58.58.25,20171216230857
recv_end,10.58.58.25,20171216230857
sql_end,10.58.58.91,20171216230947
recv_start,10.58.58.26,20171216230953
recv_end,10.58.58.26,20171216230953
recv_start,10.58.58.27,20171216231049
recv_end,10.58.58.27,20171216231049
recv_start,10.58.58.28,20171216231145
recv_end,10.58.58.28,20171216231145
sql_end,10.58.58.18,20171216231208
recv_start,10.58.58.29,20171216231241
recv_end,10.58.58.29,20171216231241
recv_start,10.58.58.98,20171216231337
recv_end,10.58.58.98,20171216231338
sql_end,10.58.58.107,20171216231426
recv_start,10.58.58.101,20171216231625
recv_end,10.58.58.101,20171216231625
sql_end,10.58.58.88,20171216231633
sql_end,10.58.58.35,20171216231635
recv_start,10.58.58.102,20171216231721
recv_end,10.58.58.102,20171216231721
sql_end,10.58.58.37,20171216231811
sql_end,10.58.58.39,20171216231817
recv_start,10.58.58.104,20171216231913
recv_end,10.58.58.104,20171216231913
recv_start,10.58.58.106,20171216232105
recv_end,10.58.58.106,20171216232105
recv_start,10.58.58.107,20171216232201
recv_end,10.58.58.107,20171216232201
recv_start,10.58.58.34,20171216232449
recv_end,10.58.58.34,20171216232449
